Reference, Quantity, Value, Footprint, Datasheet, LCSC part number
C1 ,1,"1u","Capacitor_SMD:C_0603_1608Metric","~"
C2 ,1,"100n","Capacitor_SMD:C_0603_1608Metric","~"
D1 ,1,"LC POWER","WLA_LED_reverse_mount:LED_1204_side_mout","2009041238_TUOZHAN-TZ-P2-1204BTS2-1-5T","C779807"
D2 ,1,"OK","WLA_LED_reverse_mount:LED_1204_side_mout","2011131907_TUOZHAN-TZ-P2-1204YGCTA1-1-5T","C91608"
D3 ,1,"BUSY","WLA_LED_reverse_mount:LED_1204_side_mout","2009041237_TUOZHAN-TZ-P2-1204-0TA1-1-5T","C779805"
D4 ,1,"ERROR","WLA_LED_reverse_mount:LED_1204_side_mout","1905151403_MEIHUA-MHS110KECT","C389527"
D5 ,1,"MCU POWER","WLA_LED_reverse_mount:LED_1204_side_mout","2009041237_TUOZHAN-TZ-P2-1204WYS2-1-5T","C779804"
J1 ,1,"Light Controller","WLA_pinheader:PinHeader_1x06_P2.54mm_Flat","~"
J2 ,1,"USB_B_Micro","WLA_USB:Mirco_USB_Type_B_LCSC_C40943","~","C40943"
R2 ,1,"180","Resistor_SMD:R_0603_1608Metric_Pad1.05x0.95mm_HandSolder","~"
R3 ,1,"1k2","Resistor_SMD:R_0603_1608Metric_Pad1.05x0.95mm_HandSolder","~"
R1 R4 ,2,"1k8","Resistor_SMD:R_0603_1608Metric_Pad1.05x0.95mm_HandSolder","~"
RN1 ,1,"1k","Resistor_SMD:R_Array_Convex_4x0603","~"
TP1 TP2 ,2," ","WLA_pinheader:TestPoint_THTPad_1.0x1.0mm_Drill0.5mm_nosilk","~"
U1 ,1,"TC118S","Package_SO:SOP-8_3.9x4.9mm_P1.27mm","","C88308"
U2 ,1,"CH552G or CH551G","Package_SO:SO-16_3.9x9.9mm_P1.27mm","","C111292"